{
    "available_space": true,
    "id": "h1",
    "size_max": 27.163646697998047,
    "size_mean": 8.125799890291892,
    "size_min": 0.2375802993774414,
    "total_size": 479.4221935272217
}