{
    "available_space": true,
    "id": "h1",
    "size_max": 27.163646697998047,
    "size_mean": 9.294284693400066,
    "size_min": 0.2375802993774414,
    "total_size": 836.4856224060059
}